{
  "training_date": "2026-03-10T23:13:04.744241",
  "total_records": 19526,
  "store_types": [
    "restaurant",
    "hospital",
    "bank",
    "government",
    "retail"
  ],
  "model_performance": {
    "restaurant": {
      "mae": 26.98472543946415,
      "rmse": 30.85411621607759,
      "order": [
        2,
        1,
        2
      ]
    },
    "hospital": {
      "mae": 12.626389801093522,
      "rmse": 15.165855370368671,
      "order": [
        2,
        1,
        2
      ]
    },
    "bank": {
      "mae": 14.738761145926372,
      "rmse": 20.308459519995846,
      "order": [
        2,
        1,
        2
      ]
    },
    "government": {
      "mae": 21.065795948152036,
      "rmse": 22.356969704241294,
      "order": [
        2,
        1,
        2
      ]
    },
    "retail": {
      "mae": 17.108065262505182,
      "rmse": 20.783521118845115,
      "order": [
        2,
        1,
        2
      ]
    }
  }
}