{
  "training_date": "2025-10-21T10:02:37.629453",
  "total_records": 19526,
  "store_types": [
    "restaurant",
    "hospital",
    "bank",
    "government",
    "retail"
  ],
  "model_performance": {
    "restaurant": {
      "mae": 26.984725441902416,
      "rmse": 30.854116216343105,
      "order": [
        2,
        1,
        2
      ]
    },
    "hospital": {
      "mae": 12.626794213502796,
      "rmse": 15.166108781569452,
      "order": [
        2,
        1,
        2
      ]
    },
    "bank": {
      "mae": 14.738761142989084,
      "rmse": 20.308459519900588,
      "order": [
        2,
        1,
        2
      ]
    },
    "government": {
      "mae": 21.06579589654647,
      "rmse": 22.356969649624364,
      "order": [
        2,
        1,
        2
      ]
    },
    "retail": {
      "mae": 17.10927466397826,
      "rmse": 20.783697772527624,
      "order": [
        2,
        1,
        2
      ]
    }
  }
}